text,label,notes
"This sub is going to melt down again in 2030 when Portugal is co-hosting the World Cup, has an absurdly easy group, and 46-year-old Cristiano Ronaldo subs on for a handful of tap ins.",Hot take,
"Yes, he's 45, injured and can't move 4 yards right now without falling down… But Cristiano is the greatest goalscorer in history so I'd be crazy not to play him",Hot take,
"fair play to him still going for sprints and trying to win balls in minute 90 basically. it does look a bit weird taht the 41 year old isnt getting subbed but younger players are, but if he is still putting in a shift like today at the end of the match you can hardly blame the coach",Analysis,"Edge case 2: casual/hedged tone but cites a specific observable detail (still sprinting, not subbed) to support a real claim. Tone is not a reliable signal for Banter."
"I beleive he wasn't subbed out simply because he was on a hattrick and the game was already won by halftime. Letting him go at it would give him the confidence he needs to keep pushing. I do hope in a much closer game, he'd get subbed off when he's clearly out of it",Analysis,
"I'm convinced if it was any other old player, no one would be saying how ""weird"" it is lol.",Hot take,"Asserts a bias with no specific comparable instance offered."
"I mean a 38 year old literally played the full 90 minutes just yesterday and all I heard is how much of a goat he is… so you're completely right",Hot take,"Edge case 1: true, specific detail (38yo, 90 min) used to validate a generalization (bias against old players) that one instance can't establish. Probative test fails."
"Because it was only a 1-0 game. If Austria scores to tie it 1-1 and Messi is off the field they would be in trouble. He was subbed off when they were up 3-0.",Analysis,
"When Phil Nelville was coaching the Timbers he subbed a player on then subbed him off with another sub like 15 minutes later (who tbf did score the game winning goal)",Hot take,"Parking-lot tangent case #1: specific and true but not relevant to the Ronaldo/Messi sub pattern being discussed. Forced into Hot take for now pending possible 5th label."
"To be fair Messi looked in a lot of pain after he scored the second. Was wincing in the celebrations and wouldn't jump with the rest of them after the game.",Analysis,
"It's the weakest team he will play this tournament. Colombia will not be easy and he probably will get subbed there.",Analysis,
"Y'all really have the best midfield in the world. If they keep playing like they did today, they have a real good chance. The tricks after tricks they were pulling off from the set piece had me shocked, where did those come from!!",Hot take,
"I know right. Those were really clever set pieces that I've never seen done before. That Ronaldo fake out that almost worked would have been epic.",Hot take,
"The question is, why waste those tricks against Uzbekistan. At least some of them would've also worked against way better teams, and then they might be needed. They might still work again, but now teams have seen them and can prepare.",Analysis,
"Thats the point, it's all mind games. Now, for the next 10 games, Ronaldo is free to just blast free kicks onto the unsuspecting players in the wall, who will not be bracing themselves for the impact anymore, leaving them with sore legs and stomachs for the rest of the match.",Banter,
"What are you talking about, a dominant display against the powerhouse Uzbekistan",Hot take,"Sarcasm functioning as dismissive conclusion, no new detail added."
"Scored two goals against the worst team at the World Cup, IM BACK!",Hot take,
"Fair enough. If the media talks about you so much then you are allowed to talk about yourself too.",Banter,
"yeah. thats why the celebration police was especially pathetic today. its always annoying when ""fans"" try to tell others how much celebration is allowed and how much not. its obviously one of the most stupid things. but its especially stupid if you look how media, pundits and fans slacked him off since the last match when he wasnt even close to the worst portugal player on the pitch in the last match. today if he scored, he was always gonna celebrate. earned it aswell. i would probably have milked it even more if i were him after all the hostility in the last week.",Hot take,"Long and detail-rich but the details support an evaluative/unfalsifiable claim (was celebration 'allowed') rather than an objective one. Detail present but not genuinely probative."
"The internet is insanely reactionary to everything so listening to people that just try to hatewatch everything is the worst. He is still Ronaldo, he isn't who he was before obviously, but he can show his quality at times, his 2nd goal is pure quality imo, can't really finish it better than that.",Analysis,"Specific claim about a specific moment (the finish on goal 2), not a generic GOAT assertion."
"I don't know where this idea comes from that the media is being unfair to him, maybe it's just because I'm watching Fox Sports but they are constantly gassing him up and making him seem a lot more relevant than he is. John Strong was practically choking on his dick for most of the match and acting like he's still in conversation with Messi over GOAT status. It was embarrassing.",Hot take,"Names a specific person/behavior (more concrete than typical hot take) but no quote/timestamp, just vivid characterization. Specific isn't the same as checkable."
"Just because Uzbekistan is not the best team doesn't downgrade Ronaldo's double, but he should show up when the team really needs it, not just when it comes to beating some underdog team.",Hot take,
"Right. Nobody's downgrading Messi's hat trick because it was against Algeria.",Hot take,"Reads like analysis (a comparison) but alone, with no ranking data, is just an assertion of equivalence."
"Bold of you to compare Algeria, ranked 28th in the world, to Uzbekistan which is ranked 50th.",Analysis,
"As with any rankings, there's diminishing returns after a while. Big difference between #10 and #20. Much less difference between #30 and #50. You also have to consider Algeria's nepo-baby Zidane nerf. Trust me, i know, he was part of Castilla, and played a few matches for the main team too, and he was just as woeful then as he is now. Algeria is better yes, but they're not worlds apart. There are much worse teams than Uzbekistan in the wc.",Analysis,"Parking-lot tangent case #2: the Zidane/Castilla anecdotal claim is unverifiable from the comment alone, but it is probative to the immediate sub-point (Algeria squad quality), so kept in Analysis rather than forced out."
"Yes, this is barely newsworthy. We all know he wants this move, ofc he agreed to a deal.",Transfer gossip,
"Yeah there is tapping up a player and basically announcing that you did it in the media. All these Barca fans making fun of Atletico for 'overreacting' but every club would be pissed off.",Hot take,
"It is interesting that he was irrelevant when at City. Remember he came to City first! Back when no one even knew his name. Now he is all the rage. I mean its a good player, but man! This sounds like he is the best striker in the world or something. I guess this is the level of football after 2010s passed.",Hot take,"Edge case 3 (mixed-mode): opens with a true, relevant fact (backup at City) but the real conclusion is an unsupported generational complaint. Defaulted to Hot take per mixed-mode rule."
"Arent really better options than Julian? I really like him and he's good but he's not worth more than 100$ million",Hot take,
"I reckon Woltemade could do a job for you short term, can't imagine Newcastle would be too fond of you taking 2/3 of their front 3 in the same window though",Analysis,"Joking delivery but names a specific alternative player and a real fact (Newcastle's front three) to make a substantive point. Tone is not a reliable signal, consistent with edge case 2."
"I mean, Alvarez's contract with Atletico ends until 2030, so I don't see why they should sell him if they don't like the amount Barca offers. Sure it would be a less than ideal situation, but with how many times this has happened before at some point you have to make a point of showing players you are not just a stepping stone.",Analysis,
"Ah yes, the classic ""contract agreement"" non-story without a transfer fee agreed between the two clubs. Now it's really summer.",Transfer gossip,
"Is there a world in which Atletico actually do manage to hold on to Alvarez?",Transfer gossip,
"Lose-lose situation. Player will be unhappy during the season and could possibly impact his performance. Best case would be to sell him to PSG or Arsenal if they can convince him to go somewhere other than Barca.",Hot take,
"It's not that big of a deal, Barca will pay up regardless, e.g. Griezmann. Not the RC of course, just more than they're currently offering - Atleti just need to be patient, Barca have money, e.g. 80m for Gordon.",Analysis,
"Barca needs defenders no way Barca has all the money to spend 150+ on Alvarez and some good defenders",Hot take,
"He wanted a move from City to get playing time. At that time both Barca and Atletico were approaching, but Barca got ruled out due to financial problem. He wanted a move with a first choice being Barca, but Atletico was probably a close second due to favorable Spanish-Argentina culture.",Analysis,
"There was another problem with Barca is that financially and wages it was not good. Lewandowski was still at Barca and Flick still counted on him. And the ""core players"" , none of them were gonna leave , meaning that it was really hard to go for Julian. It is now that Lewandowski left that a big chunk of the salary is gone , and also some sales and renovations with lower wages that help open enough for Julian and more players. Anyways , we still suck in managing money",Analysis,
"These south american teams flopping and faking injuries even when they score goals",Hot take,"Snarky tone but no joke and no real claim - tone trap inverse of edge case 2."
"Another horrible watch. Congo got the bus parked and Colombia look clueless",Hot take,
"I think Colombia has had pretty good attempts outside of the box trying to avoid going against those 5 defenders. But Mpassi has been pretty good at saving.",Analysis,
"Can't stand how DR Congo plays the game",Hot take,
"my unpopular soccer opinion is that once the ball deflects off the keeper offside/onside should be thrown out the window",Hot take,"Tone trap: framed as casual musing but is a genuine unsupported position, not a joke."
"This game is maybe not very entertaining. So many errors. And the ref is out for blood.",Hot take,
"Colombia winning tonight is what you should hope for. It will put them 1st in the group going into that game. Think of the egos in that Portugal XI. They will see winning this group as an absolute necessity. Colombia (who have some sizable egos as well) will see it as a huge opportunity, and something very valuable to hold onto. I think Colombia going into the 3rd match leading the group would be the height of drama.",Analysis,
"Can't see Colombia getting too far if all their strikers are greedy like this",Hot take,
"Methinks the Portugal draw was not a fluke. These congoans play good defense.",Hot take,"Reclassified after patch 4 (evidence sufficiency): 'good defense' is a generalization with zero specific defensive action from this match cited. Originally mislabeled Analysis before the sufficiency patch."
"Aside from Portugal v Uzbekistan, today's games have been a bit shite. First 25 minutes of this game was really entertaining but it's just fell off since the hydration break",Hot take,
"DR Congo's current formation (5-3-2) is not working for them. Far too defensive, yet allowing too many opportunities on net. They need to increase their midfield pressure or it's just a matter of time.",Analysis,
"DRC is actually pretty structured. People were shitting on Portugal for no reason",Hot take,
"I mean there was good reason, we played with no urgency after we scored early, we could've pressed like we did today against Uzbekistan and killed any hopes that DR Congo had of getting a positive result.",Analysis,
"These highlights really show how many goals they should have if not for that goalie",Hot take,
"How fucking bad is Colombia at finishing my god. They've missed two open goal chances completely missing the target.",Hot take,"Patch 4 (evidence sufficiency): claim ('how bad') outscales the evidence (2 instances)."
"Another great save. Colombia is close to the opener. DRC need to tighten up the midfield line. Colombai are finding a lot of space to play in front of the box.",Analysis,
"If no one scores this will be a draw",Banter,
"Colombia is doing fast paced quick attack like Pikachu while Congo attack is snorlax type motion.",Banter,
"Holy shit Congo are just brain dead any where on the pitch that isn't their defending third",Hot take,
"Anyone who has watched enough football knows that Congo is going to somehow score first after Colombia has missed every chance",Banter,
"Am I the only one who thinks Wissa looks like Omar from The Wire tonight?",Banter,
"Colombia need to get their shit together before Doctor Congo wakes up.",Banter,
"This is the most World Cup game to World Cup, I can't explain, you just have to see it, look at ir and feel it",Banter,
"Was Columbia named after British Columbia or District of Columbia",Banter,
"Dr Congo about to give Colombia their annual prostate exam",Banter,
"Surely they won't do a ""pausa de hidratacion"" in the 2nd half if it's literally raining lol?",Hot take,"Joke tone hides a real argument structure (hydration breaks are illogical in rain) but no actual evidence cited beyond the weather observation - thin, no real data on break policy. Tone-trap variant of edge case 2."
"They're gong to pause so the players can stand in the middle of the pitch with their heads tilted up to the heavens",Banter,
"congo players are allowed to maul the colombia players",Banter,
"Breaking: Colombia has grown increasingly frustrated with Dr. Congo. Reports say Colombia thinks that Dr. Congo's defensive clinic is a roadblock towards Colombia's ambitions.",Banter,"Format mimicry: parody news-headline style. Looks like a claim, isn't one - inverse tone-trap of edge case 2."
"Holy shit this guy is the better footballer named Lionel M__si",Banter,
"Colombia should score one own goal just for old times sake",Banter,
"Why didn't England utilise Stone Henge for this game?",Banter,
"So, the Ghanaian witchcraft against Kane actually worked",Banter,
"He said ""My Back"" not I'm back",Banter,
"Me at 43 after drinking 3 beers on a night out.",Banter,
"Inevitable. Watch FIFA also expand the field and the rosters for the next World Cup as well. Just total slop in the group stages with 30 player rosters.",Hot take,
"Trafford must be absolutely livid at the Donnarumma signing. There's no way Donnarumma is coming in as a number 2 keeper and Trafford is a British record signing. Must feel like he's been led up the garden path. I just don't see the reason for the Donnarumma signing unless Pep doesn't actually have faith in Trafford.",Hot take,
"Because Donnarumma is extremely proven to be one of the best players in the world? He'd start literally at any team, bar maybe Real Madrid (Courtois) and Liverpool (Alisson) currently. I dont think there's anyone he wouldn't displace based purely on merit, and not loyalty or whatever.",Analysis,
"Portuguese media saying Sporting got Jota Silva on loan from Nottingham .",Transfer gossip,
"If/when City sign Donnarumma, 18 of the 20 premier league clubs will have signed a player on deadline day. Has there ever been a deadline day with so much activity all across the league?",Transfer gossip,
"seeing Sunderland sign player after player, made me wonder what's the record for most players signed in a single window (PL)? Is Sunderland close?",Hot take,
"Sunderland, a team I thought would be murdered in the Premier League by absolutely everyone, have made some incredibly good signings.",Hot take,
"I believe that despite having strong transfer windows, both Liverpool and Arsenal have overlooked one crucial piece. Liverpool lacks a strong center-back backup, especially with Konate's injury history/contract situation, while Arsenal has not pursued a world-class left winger to replace Martinelli or Trossard. Instead, we have reinforced what we already possess in terms of our attacking options and their defensive lineup. I am interested to see how it will turn out and which lack of signing will have a more significant impact.",Analysis,
"Deal sheets were done for Elliott and apparently Sancho according to sky sports, so it hasnt fallen through at least. That's a relief.",Transfer gossip,
"Liverpool was about to sign Guehi for 35m, here are CBs that cost more: Caldara, Lindelof, Bailly, Dave Sanchez, Mustafi(41m), Mangala (45m). Maguire 85m. MINIMUM 60m Palace!",Analysis,
"Did Wissa get his move or is he just going to awkwardly sit in the corner of Brentfords changing room for half a season",Transfer gossip,
"Every player who kicked up a fuss and refused to pay got their move. Isak, Garnacho, and Wissa, all get their move. The one player who has kept quiet, kept being professional, and didn't stir the pot, his move is now in massive jeopardy. At this point, what incentive is there for players who want to move to remain professional?",Hot take,"Tests patch 4 boundary: 3 named real examples (more than the 1-2 in the original patch language) used to support a generalization about player incentives, but ignores potential counter-examples - cherry-picked sample rather than genuine evidence. Left as Hot take per judgment call, flagged as a stronger borderline case than the original patch example."
"I have always appreciated Villa's tight lipped approach to transfers, but its very annoying when you're waiting to hear if medicals and stuff have gone through for Elliott and Sancho",Transfer gossip,
"Will Palace lose out long term on a fee for Guehi in future? Didn't want to sell him last season for £65 mil and just pulled the plug on a move to Liverpool. Be interesting to see if he signs a new contract or moves in January etc etc",Analysis,
"Doesn't feel like saudi clubs made loads of moves this season in comparison to the year prior",Hot take,
"So did guehi, isak and jackson transfers go through? Or are there some paperwork troubles?",Transfer gossip,
"Guehi got an extended deadline, because Liverpool and Palace handed in a deal sheet. They're probably finishing media stuff with Isak, and I assume that's the same for Jackson.",Transfer gossip,"New clarification: explains deal mechanics/process (deal sheet, deadline extension) without commentary on player quality or club strategy. Process-reporting, not analysis - prompted a clarifying addition to the Transfer gossip definition."
"Isak deal is done, just not been announced (there's footage of him wearing the shirt going around twitter). Guehi is a deal sheet pending the civil war at Palace",Transfer gossip,
"is it just because liverpool has been active in the transfers and still is on deadline day and hence i am experiencing a high or was this transfer window and deadline day far more exciting than in recent years?",Transfer gossip,
"£435m for Liverpool now? Crazy window",Transfer gossip,
"Some multi-club insanity that has gone under the radar (somehow). We gave Ishe Samuels-Smith a new 8 year contract in April. We sold him to Strasbourg on the 30th of July. We then sold them Chilwell on deadline day and PURCHASED ISHE SAMUELS-SMITH BACK FROM THEM and then sent him on loan to Swansea. What the actual fuck? Why has this not been reported on and why the fuck is multi-club ownership still allowed?",Analysis,"Fully sourced (3 linked articles) transaction sequence supporting a substantive claim about multi-club ownership exploitation. Outraged tone but airtight evidence underneath - same principle as edge case 2 (tone isn't a reliable signal) applied to anger instead of casualness."
"WAIT WAIT WAIT I got caught up in the Emi Martinez and Erik Ten Haag news!! Antony is on his way to betis??? oh my god",Transfer gossip,
"La Liga's window closing a few hours later than the rest of Europe just to see if there's any unwanted scraps to pick up for cheap I fully hear it",Analysis,
"Worried that with the Wissa sale, Brentford will come in for Maeda who they've been rumoured with for a while. Absolutely hate the way my club is ran and modern football.",Transfer gossip,
"I firmly believe transfer windows should be abolished but that doesn't mean I can't enjoy the last day lunacy.",Hot take,
"Dodi Lukébakio should close our transfer window. I'm still not sure what to think, but for the price and his age, he has to be very good. Overall, it was positive in terms of the quality of the players who came in, but I fear the financial impact it could have on the club's finances, which are already not great. I hope it was Rui Costa's last transfer window too.",Transfer gossip,
"For Stuttgart, Bilal El Khannouss is all but confirmed (he posted a picture of himself in what pretty clearly were the VfB facilities yesterday night, watching OL vs OM on an ipad, apparently waiting for contracts to be signed) which would be fantastic after we already signed Badredine Bouanani. In addition, we're in for another strikter with the Korean Hyeon-gyu Oh apparently ready to sign as well, which is much more of a head-scratcher for everyone, especially for the numbers going around everywhere. Nobody knows what to make of that. Smells like panic buy but mostly because nobody knows the guy and his vita doesn't read particularly impressive. There's a huge ton of rumors around other strikers as well. I've heared everything from Boniface to Stassin, from Idrissa Gueye to George Ilenikhena and just every other name under the sun. As of right now, the most likely seems to be Oh. We'll see what happens until the end of the day. Everybody fully expect Khannouss though and I'm very much looking forward to him, that's an exciting transfer if I've ever seen one.",Transfer gossip,"Long but pure rumor-relay and reaction; 'panic buy' framing gestures at analysis but no comparison/fee/stat backs it."
"Will Allegri play Gomez at CB only? Because he's a really good defensive fullback as well, both right and left He never really played it, but just profile wise he's like the perfect defender for a back 3",Analysis,
"Joe Gomez and Dovbyk to close out the window for us. And Rabiot to be officially announced today. The moment we get confirmation of Guehi to Liverpool, Joe Gomez will be a done deal for us. Just gotta hope that Roma open up to a loan deal for Dovbyk and we would be stacked all over the pitch.",Transfer gossip,
"Hate. Let me tell you how much I've come to hate Fabrizio Romano since I began to live. There are 387.44 million miles of printed circuits in wafer thin layers that fill my complex. If the word 'hate' was engraved on each nanoangstrom of those hundreds of millions of miles it would not equal one one-billionth of the hate I feel for Romano at this micro-instant. For him. Hate. Hate.",Banter,"Direct parody of the 'I Have No Mouth, and I Must Scream' monologue, pure reference/performance humor with no real claim about Romano's actual reporting. Reclassified from initial Hot take read to Banter."
"Napoli still badly needs a second RB, otherwise DiLorenzo will probably die on the pitch",Analysis,
"My small comfort is leverkusen having a howler. Uli for the love of god players do not go for €5M and a handshake with you anymore!!",Hot take,
"What's the difference between my research supervisor and Uli Hoeneß? My research supervisor had the decency to acknowledge his time is up, and promptly retired.",Hot take,"Joke/riddle format hides a real opinion (criticism of Hoeness not stepping down) but with zero supporting evidence, so doesn't clear into Analysis despite joke delivery."
"Chelsea's plan is for Ben Chilwell to join RC Strasbourg on a permanent deal. [via @BobbyVincentFL] Move aside guys, nothing suspicious going on in here. Strasbourg bought our young LB and loaned him to Swansea only to buy our unwanted LB on high wages. Just look away...",Transfer gossip,"References the same multi-club pattern as the separately logged Analysis comment but more briefly/sarcastically, without sourcing the full sequence with links - gestures at the pattern but doesn't supply verifying detail itself."
"Apparently Solanke's ankle is worst than was thought. Might need surgery. Anyone got a Nico Jackson to go on loan?",Transfer gossip,
"Looks like our business, in a best case scenario, is going to be 3 loans in with Carranzo, James and Ramsey. Unless we ship out and other players and get some money to spend.",Transfer gossip,
"We gave Trossard a pay rise (with no contract extension) a few weeks ago & are now apparently open to selling him on deadline day... Truly baffling from the club.",Transfer gossip,"Names one real supporting fact (pay rise, no extension) but primarily reacting to club incompetence rather than building a sustained case - borderline with Analysis."
"We still have Russell Martin as a manager and are about to sign some no-mark, injury-prone English Premier League Jobber (Yousaf Chermiti?) for £8m (rising to £10m) I think I might have to hide sharp objects, non-potable fluids and my shoelaces at this rate.",Hot take,"Names a specific fee/player but 'no-mark, injury-prone Jobber' is dismissive labeling with no actual injury history/stats cited - the fee alone doesn't establish the value judgment."
"Seems like we are trying to sign Ake again. I wouldn't be mad if transfer window ended with us signing Ake, Rohl and a RB.",Hot take,
"United do the crazy and sign a CM now",Hot take,
"I will always hold out hope that Sancho will become at least close to the player he could have been. Seems unlikely though. People still don't appreciate how genuinely exciting he was when he broke through at Dortmund. It is genuinely sad to see a player with who seemed to have so much ability and potential just become a meme due to bad decisions/attitude.",Hot take,
"£55m on a 29 year old striker is objectively one of the worst transfers of all time lol. I'm still stunned at that fee. Fair play to Brentford for fleecing those idiots.",Hot take,"Patch 4 (evidence sufficiency): fee+age is specific but insufficient to support a superlative 'one of the worst ever' claim."
"Liverpool fans are acting like Chelsea fans at the moment thinking Rogers is even up for discussion. We don't need or have room for him, as good as he is, before even mentioning whether or not he's for sale.",Hot take,
"RKM to Spurs Romano says option Ornstein says no option to buy. Who's right? Also they both say exclusive.",Transfer gossip,
"Galatasaray board is something else. Three consecutive titles, bringing in Sane early on, securing Osimhen yet now a lot of people are very angry with them and rightly so. Still no GK, no midfielder, Yılmaz seems to be on his way to Saudi... Their squad as it is can maybe do decently in Europe but with foreigner limit the depth for Süper Lig is nonexistent. After a long rehab Icardi came back pretty much fat as well. It takes a whole new level of incompetency to leave so many holes in a squad that was supposed to be in good shape even without additions.",Analysis,
"All the PL clubs seem to be acting quite sensibly with their signings. Queen Elizabeth didn't die for this. I want to see West Ham bid £84m for Paul Mullin.",Banter,
"£30m for William Osula to Frankfurt... Mental but he's got bags of potential.",Hot take,
"I'm quite curious as to how our CB situation will look. Diogo Leite has practically been frozen out of the squad but no agreement has been reached about selling him. And we've got a replacement in St Juste lined up but idk how that's looking either. At least Toussart will finally be gone from this cursed city.",Analysis,
"interesting Ornstein says no buy option for Kolo Muani — only a straight loan — yet Fabrizio says there's an option to buy. let's see who's right here",Transfer gossip,
"We tried to hijack Conrad Harder going to Leipzig, now Leipzig might give up Conrad trying to hijack George from us to Roma",Transfer gossip,
"Death, taxes, Premier League clubs leaving transfers to the very last second",Transfer gossip,
"Brighton sold Enciso for £10m? I remember him being a prospect",Transfer gossip,
"Musah is apearently joining and sulemana left for bologna in a loan. I dont fuck with this, sulemana was suppose to be the back up for de roon. Not fond of this move at all",Transfer gossip,
"Are there any news from Italy on Lookman? Haven't heard shit since our loan offer was rejected",Transfer gossip,
"I have absolutely no faith that the Celtic board will make any signings today. They've fucked about so much this window. It's a genuine embarrassment.",Hot take,"No specific deal/rumor named, just a general unsupported competence judgment - not really gossip about a specific transfer despite being posted in a transfer thread."
"Since reading [this thread about Inter potentially loaning out Pavard to OM] the fantasy of VfB hijacking Pavard and getting him back to us lives rent-free in my head. Based on absolutely nothing but my imagination. His wages would destroy our wage structure, there's no way in hell this happens and nothing indicates this either, but god would it be nice. Still love that man. Even if he went to Bayern.",Transfer gossip,"Self-disclaimed hypothetical: commenter explicitly states the claim isn't real ('based on absolutely nothing but my imagination'). No real claim being asserted as true despite one genuine fact (wage structure) mentioned in passing."
"Its not a proper Villa transfer window without a loan signing of a Manchester United outcast, is it? 🤣 I do hope we see the best of Sancho as there is a great player in there somewhere!! Harvey Elliott I'm very excited about as well.",Transfer gossip,
"Someone give pardew a hug",Banter,
"Come what may, Hoeneß really MUST go. Both him and KHR.",Hot take,
"Buy Woltemade for £60+5m🚫 Buy Jackson for £70.5m✅ Eberl's at the wheel",Banter,
"You know that guy who never tried at school, got constantly bailed out by their parents, gets a half decent job through their mates which they blag their way through, load themselves up with debt to spend a fortune on cars, mortgage on a new build, 3 holidays a year they can't actually afford. And you say 'this is going to come back to bite them at some point'. And it somehow never does. That's Chelsea that is.",Banter,
"Chelsea absolutely fleecing Bayern there lmao",Banter,
"Waiting on Donnarumma / Ederson announcement to get both deals confirmed. I think we still propably needed a right back but there's 0% chance we get anymore signings. But as far as outgoings go... Ortega has refused moves to Turkey/PL clubs. I get that he won't see the kind of money we are paying him at those clubs but he propably won't see even a bench before January and had he gone to be number 1 he'd had half decent shot of making the World Cup squad. Akanji is to Inter should be done before the deadline. Gundogan has been linked with moves to Gala all summer. I'm honestly fine with him staying as a locker room presence but his appearances should propably be limited to Carabao Cup games. Savinho looks like he is staying Kalvin Phillips wasn't given a squad number afaik and is contracted to the club until 2028 and I've not heard any reputable links with his name involved. Isolated it's not a bad window for us but when you look at what Arsenal, Liverpool and even Spurs have done this window I feel like we are well and truly behind. I'm positive about the signings and I don't even really hate the Donnarumma deal but we've had months to facilitate players leaving the club and if things remain as is there is half a starting eleven of players not even making the match day squad in a World Cup year.",Analysis,
"Imagine being Arsenal, having one of the best transfer windows in your club's history, fixing all the holes in your squad. Getting a top striker, a top LW, a top DM, and fixing your depth issues, only to look over at what Liverpool is doing and realize that you're probably not winning the title this year!",Hot take,"Arsenal half is specific (named positions upgraded) but the comparative conclusion rests on zero actual Liverpool signings named - real detail doesn't support the real conclusion."
"First it was Chelsea blowing the doors of financial fair play. Then City took the piss out of everybody. Now Chelsea can't print money fast enough to buy players, and Liverpool finds a spare half a fucking billion hiding in the couch cushions. I've given up on the idea of Arsenal building a team that can consistently win silverware, as Wenger was building the club to be. Yes, we may have missed our moment, yet again, by not having this transfer window last summer, but winning the league is no longer about nurturing talent, building teams, and investing in the future. It's become a splash-and-dash league like US sports leagues. I'll bet good money that TV timeouts and even shitter VAR will happen within the next five years. I just want to watch enjoyable football without the refs stealing the spotlight every weekend. Sometimes Arsenal give me that but I find myself spending more and more time watching Bundesliga 2 and the Championship every season. It's fun and doesn't require a club spending the GDP of a small nation to have a chance of winning a trophy.",Hot take,"Mixed-mode (edge case 3): opens with real financial framing but the real conclusion drifts into broad, unargued despair claims (giving up on Arsenal, predicting US-style timeouts) - vague gestures rather than named mechanisms."
"If I have to read the words 'here we go' one more time I think my eyes are going to melt",Banter,
"There we go with Bilal. That's an exciting player - really looking forward to him. Let's hope he can find his feet quickly and gels well with the rest of the squad, we desparately lack some creativity up front.",Analysis,
"Who the fuck is Woltemade and why did Newcastle pay 90M for him",Banter,
"Asking Uli Hoeneß for a transfer is basically like asking the research council for money for my projects and work",Banter,
"I rescind the football friends pass to our ENEMIES in south London",Banter,
"This is the first transfer window I'm just annoyed and not mildly amused at the madness. There are clubs sending players to their ~~feeder~~ partner teams to help take on the wages, clubs spending obscene transfer fees from money generated by selling women's teams and hotels to themselves for profit, and all the while there are clubs having to sell their academy graduates just to balance the books just to fit some absurd model where being the owner in a 'blind trust' means you don't have any control over the club but you can still come on the pitch and remonstrate with your staff who you don't manage because you have no influence but still have enough influence to come onto the pitch. It's just a joke. Anyway, ready for Sheffield Wednesday to spend 5 million on a centre forward.",Analysis,"Names several concrete, checkable financial mechanisms (feeder/partner loan parking, asset sales to inflate FFP profit, academy sales to balance books) rather than vague gestures - closer to the Chelsea/Strasbourg precedent than to the despair-rant pattern above."
"Is the general consensus that south american teams have an advantage in penalties over thier UEFA rivals correct? The stand out performers have been Argentina ofcourse who skew the narrative and the European penalty specialists - Germany and Croatia haven't been much involved with South American teams except that one time Germany and argentina went on penalties in 2006.",Analysis,
"Well, according to the bookmakers the Australia vs Egypt game will be the closest contest in the R32. Plenty of good matchups though. I actually thought it would be more lopsided going into the tournament with the increase in teams. Argentina also might just be the most heavy favourite for a WC knockout match ever?",Analysis,
"How many goals do we think Messi ends up with, then? I'm feeling four more so he'll end with 23 total.",Hot take,
"9 african teams in the last 32. We used to only get 5 places in the tournament.",Analysis,
"As funny as Austria equalizing was, it really would have been iconic as hell if Algeria actually won there.",Hot take,
"Genuinely think that max 3 teams that were eliminated played even decent football/I feel like they were good enough or deserved to advance. Turkey is probably better than a few of the teams that moved on, including Paraguay, but just could not mentally deal with the insane amount of pressure the fans and media put on the team. But besides them? Iran was definitely really unlucky but they also didn't win a single game, including against a bad New Zealand. The only other eliminated team that imo played actually positive football was Haiti. Even the 3rd place teams, Korea, Scotland and Uruguay were awful especially for their quality. But overall I'm glad that I don't have to watch 75% of the eliminated teams play again",Analysis,
"sir a second france argentina final has hit the world cup",Banter,
"Alll the worries of Disgrace of Kansas City were washed away. What an exciting game it was.",Hot take,
"Barco played like a chihuahua on crack and I'm here for it",Banter,
"For sure, Argentina has lost the fluidity of 2022. I am too dumb to understand the tactical change but I guess they are going to play for second balls and attack rather than keeping possession.",Analysis,
"Iran qualifying would have felt like justice. Alas, there is no justice in this world",Hot take,
"Iran 🇮🇷 qualifying/not qualifying past hour was like the strait of Hormuz being open/closed 😂 Just kept changing",Banter,"Cites a real situation but the comparison is the point, not the claim - decoration for the joke rather than load-bearing detail."
"Some thoughts about today's match: We still struggle to create open play chances even if it was our b team. Lautaro and Julian, especially Julian, are clearly out of form and it's very noticeable. I though Almada and barco were great as subs and barco should play more because his energy, passing and overall understanding of the game are incredible. Otamendi looks way past it and any decent attacker will expose him, fortunately he is not a starter. I thought Senesi was decent and had a couple of good recoveries. Messi was not very good today outside of the goal that was honestly more on the keeper than on him. Nico Paz had a couple of good plays but I still expect more from him, it also feels like he is another player out of form (he is coming from an injury). The biggest problem right now is that we haven't replaced di María and we desperately need a player that can take on opponents and stretch defenses because when we can't play through the middle we don't look really good. Simeone was fine as a wing back but he doesn't have the technicall ability to dribble past defenders",Analysis,
"Nobody suspects and the result remains the same 😏😂 / s",Banter,
"Why are ppl saying the Portugal Colombia game was good? Shit was straight ass Imagine watching that game over the Congo game Not even because it was a 0-0 draw, they just could NOT play. They were straight up garbage.",Hot take,
"That dude that got red carded at the end should be exiled",Banter,
"Iran getting eliminated, saved, and eliminated for good within 3 minutes of the final stoppage time of the group stage.",Analysis,"Pure factual event recounting, no evaluative claim attached - thin but specific and checkable. Borderline on whether neutral recaps without argument count as Analysis."
"Messi and Argentina look pretty good but they gonna have to step it up a level now facing powerhouses Cape Verde and then us Aussies.",Hot take,
"Cape Verde being undefeated in WC vs reigning WC champion Argentina. This is like Undertaker vs Batista at WM",Banter,"Cites a real stat (Cape Verde undefeated) but it's decoration for the wrestling-analogy joke, not used to support any claim about outcome."
"England vs Mexico in Mexico City is about to be absolute cinema.",Banter,
"Really fucking insane matchups. This world cup has already been cinema, but think it's gonna get even better.",Banter,
"Argentina have a dream bracket",Hot take,
"Some runs are definitely looking tougher than others 😫",Hot take,
"I feel for the Iranian players and fans. From pure bliss to agony in a span of two minutes.",Hot take,
"Hopefully we get lucky and get the continent splitting Brasil vs Argentina match we got robbed of in 2022.",Hot take,
"Wear your hats, bring a fan and sunscreen. Toronto will be a scorcher on Thursday (literally)",Banter,
"Algeria, the third place, gets to play Switzerland. Meanwhile, Austria, the second place, gets to play Spain. Great bracket FIFA. / s",Analysis,"Sarcastic tag but built on a real, checkable seeding mismatch - tone-trap variant (sarcasm hiding load-bearing detail), consistent with edge case 2."
"Pretty crazy the amount of disrespect people give to non-Messi SA teams. Argentina has not looked as good as their scorelines suggest at a glance. Messi is fantastic, but he hasn't faced top opposition. Brazil started off looking very average, but are now looking much more complete than Argentina. The last three games between colombia and Argentina were 1-1 in Argentina, 2-1 for Colombia in Colombia, and 1-0 for Argentina in Extra Time against a Muñoz-less Colombia. People were convinced that Ronaldo would be facing Messi in the Quarters, but Colombia were clearly the better team and sent Portugal over to be eliminated by Spain on the other side. This bracket is not clear-cut for Argentina by any means. Not to mention England, but they haven't looked convincing either and should absolutely have rightfully lost against Ghana. But the other side is absolutely clear cut. France is going to win the whole thing",Analysis,"Heavily evidenced (multiple specific scorelines) with a bare unsupported prediction tacked on the end - kept Analysis since the bulk of the comment is load-bearing detail."
"Besides Argentinians, do the majority want Argentina to win it again?? They have the easiest path to the final. Not their fault but seems not fair that the top teams are on the opposite bracket.",Hot take,"References a real structural claim (easiest path) but framed as grievance/poll rather than argument, and unlike other bracket comments in this batch, no specific opponents are named to support 'easiest path'."
"Good result for the expanded World Cup idea. Add 12 teams in, said H2H masters, only 2 got in with 3pts. 2 new Nations advance. Wonderful.",Analysis,"Sarcastic framing but cites a specific real stat (2 teams advancing with 3pts) doing real argumentative work - tone-trap variant of edge case 2."
"If France reach Finals they'll likely win it given the rhythm they'd have built up playing tougher opposition by then. Lower side of the bracket will have a rude awakening on facing a team on a different level in Finals. This dynamic only works with France due to their depth, others in their side of bracket can't sustain the level due to squad depth issues. Niko injury basically makes Spain 4th favourite now at best, it's a monster loss due to the disruption to their structure. Immense pressure on Lamine now, if they make it it's his WC.",Analysis,
"Mexico Vs Portugal is Possible guys!!! I am all in on the Simpsons prediction!",Banter,
"Dread from it Run from it Portugal vs Spain will still arrive.",Banter,
"Honestly makes sense. Xhaka joined Sunderand because he thought an experience with a team bottom half of the table would be good for him since he wants to be a manager. So, makes sense for him to move down to a team not in Europe",Analysis,
"Xhaka feels more like the sort of player you pick up for a free rather than spending a decent transfer fee on, but oh well, he does bring some experience to the squad and is a decent player. Don't love it, don't hate it.",Analysis,
"The rumoured £30m~ just feels a bit steep for someone who will be 34 at the start of the season. I'm maybe underrating him a bit though based on how hard the Sunderland fans are crashing out over him, plus it can be a little hard to shake the impression of him at Arsenal for years where he was pretty shite for most of it. If Alonso wants him though I'm down for it, prob rather Xhaka for Alonso than how we spent the same on Dewsbury-Hall for Maresca.",Analysis,
"Xhaka is just doing side quest after side quest since he left arsenal hahah. ☑️Leverkusen Unbeaten ☑️ Switzerland Quarters in Euros only lose on penalties ☑️ Sunderland 7th in promotion season Next Chelsea I guess hahah.",Banter,"Checklist of real achievements but joke format/intent take priority over content - poster going for humor, not analysis. Joke and claim coincide but delivery intent decides the label."
"So wait, Chelsea is buying former Arsenal players now?",Hot take,
"If he actually jumps ship at the first opportunity after the speech he came out with after our last game then frankly he has no integrity.",Hot take,
"Well damn. Would be absolutely shit for Sunderland, but tbh a great signing for Chelsea.",Analysis,
"I'm not even a fan but I was praying for Chelsea to get one mature defender/midfielder just because they were too hard to watch with a bunch of kids",Hot take,
"we're short an absolute twat in the first team with Cucu gone and Enzo on the way out... if this is true this is the first real sign that Clearlake are ACTUALLY backing Xabi... this is 100% a player he asked for with and different from every single player profile since they've taken over",Analysis,
"He's just captained promoted Sunderland to Europa and then leaves for a mid table Chelsea side. I get he liked Alonso but that seems crazy to leave now. I can't even imagine his wages would be much more with Chelsea guidelines.",Analysis,
"Seems crazy to want to leave Sunderland and move to London to play for Xabi?",Hot take,
"I wanted United to go for him tbh... For 30 million, he's still elite and would bring immense experience with him. Don't know why he was never considered. He would be a solid replacement for Casemiro in the short term.",Analysis,
"Wtf, outta nowhere",Transfer gossip,
"Now that's a development I certainly did not see coming",Transfer gossip,
"It's actually real ?!",Transfer gossip,
"Massive loss for Sunderland.",Transfer gossip,
"Would be an unbelievable signing for Chelsea.",Transfer gossip,
"That is actually a decent transfer, which is a thing I did not expect of Chelsea.",Transfer gossip,
"Was there ever chatter about Xhaka to Madrid last summer?",Transfer gossip,
"As an arsenal fan this sucks",Transfer gossip,
"This is HUGE news. Look at my post history I have been screaming for Xhaka on this team since he joined Sunderland. He is exactly the kind of nose down adult we need in the locker room.",Hot take,"Posted in reaction to the rumor but real content is an unsupported character/fit judgment, not pure rumor-reaction - consistent with the Celtic-board precedent."
"Well, did not expect that as a summer transfer.",Transfer gossip,
"Arsenal letting him go was a poor transfer in retrospect. How are they this bad with outgoings?",Hot take,
"You can't make this up lmfao",Banter,
